date,commit,runs,seed,spendable_per_run,unspendable_per_run,spendable_gym1,spendable_gym2,spendable_gym3,spendable_gym4,spendable_gym5,spendable_gym6,spendable_gym7,spendable_gym8,spendable_e4,from_route_trainers,from_gym_trainers,from_gym_leaders,from_mini_bosses,from_stage_events,money_base_trainer,money_base_leader,money_base_leader_giovanni,price_full_restore,price_revive,price_vitamin,price_pp_up,price_rare_candy,price_salesman_pokeball,price_daycare_round,price_tm_F,price_tm_D,price_tm_C,price_tm_B,price_tm_A,price_tm_S,price_tutor_F,price_tutor_D,price_tutor_C,price_tutor_B,price_tutor_A,price_tutor_S,wild_levels,wild_boss_levels,credit_shiny_charm,credit_amulet_coin,credit_turn_rewind,credit_rare_scope,credit_rare_lens,credit_dv_booster,credit_stat_booster,credit_door_dice,credit_mon_dice,credit_item_dice,gap_leader_r1,gap_leader_r2,gap_leader_r3,gap_leader_r4,gap_leader_r5,gap_leader_r6,gap_leader_r7,gap_leader_r8,gap_champion,gap_leader_p90_max,team_at_champion,leader_aces,starter_level,skip_rounds,exp_share_pct,team_gym1,team_gym2,team_gym3,team_gym4,team_gym5,team_gym6,team_gym7,team_gym8,credits_route,credits_wild_boss,credits_gym_leader,credits_champion,credits_ai_lair
2026-10-06 01:41,0933823+dirty,2000,1,178546,68400,5932,13648,25649,42409,63189,88418,117953,150251,178546,53975,49809,53091,14895,3275,75,200,150,3000,1500,5000,5000,4800,5000,500,2000,4000,6000,10000,15000,20000,1000,2000,3000,5000,10000,15000,8 11 15 23 28 35 41 48 56,11 19 23 30 36 42 48 55 59,,,,,,,,,,,,,,,,,,,,,,,,,,,,,,,,,,,,,,
2026-10-06 01:45,0933823+dirty,2000,1,189622,68400,6094,14323,27111,44965,67105,93989,125448,159735,189622,57573,53130,57030,14895,3494,80,215,160,3000,1500,2500,3750,4800,5000,500,1000,3000,5000,8000,12000,17000,1000,2000,3000,5000,10000,15000,7 10 14 22 27 34 40 47 55,9 17 21 28 34 40 46 53 57,,,,,,,,,,,,,,,,,,,,,,,,,,,,,,,,,,,,,,
2026-10-09 16:44,b6025506+dirty,2000,1,189950,68400,6094,14342,27192,45041,67117,94280,125619,159918,189950,57184,53123,57030,15400,3712,80,215,160,2500,1500,2500,3750,4800,5000,500,1000,3000,5000,8000,12000,17000,1000,2000,3000,5000,10000,15000,7 10 14 22 27 34 40 47 55,9 17 21 28 34 40 46 53 57,30,20,25,25,25,35,30,15,15,15,,,,,,,,,,,,,,,,,,,,,,,,,,,,
2026-10-09 19:25,b6025506+dirty,2000,1,189950,68400,6094,14342,27192,45041,67117,94280,125619,159918,189950,57184,53123,57030,15400,3712,80,215,160,2500,1500,2500,3750,4800,5000,500,1000,2000,4000,6000,10000,14000,900,1800,2700,4500,9000,13500,7 10 14 22 27 34 40 47 55,9 17 21 28 34 40 46 53 57,15,10,13,13,13,18,15,8,8,8,,,,,,,,,,,,,,,,,,,,,,,,,,,,
2026-10-09 20:16,3f1d22e3+dirty,2000,1,216999,78800,6194,15362,29857,50373,75525,106574,142695,182272,216999,65431,60643,65356,17780,4289,80,215,160,2500,1500,2500,3750,4800,5000,500,1000,2000,4000,6000,10000,14000,900,1800,2700,4500,9000,13500,7 10 14 22 27 34 40 47 55,9 17 21 28 34 40 46 53 57,15,10,13,13,13,18,15,8,8,8,,,,,,,,,,,,,,,,,,,,,,,,,,,,
2026-10-09 22:16,3f1d22e3+dirty,2000,1,211647,78800,6194,15369,30033,47642,72981,103893,140711,176920,211647,58073,60640,65356,17556,6522,80,215,160,2500,1500,2500,3750,4800,5000,500,1000,2000,4000,6000,10000,14000,900,1800,2700,4500,9000,13500,7 10 14 22 27 34 40 47 55,9 17 21 28 34 40 46 53 57,15,10,13,13,13,18,15,8,8,8,1.48,2.58,3.11,3.56,2.96,3.6,3.38,3.45,3.31,6,60.57,11 18 25 31 37 44 51 57,,,,,,,,,,,,,,,,
2026-10-10 07:52,99eace70+dirty,300,1,190429,78800,6205,15362,28151,40874,66196,95986,118709,155692,190429,38735,60617,65421,16307,5848,80,215,160,2500,1500,2500,3750,4800,5000,500,1000,2000,4000,6000,10000,14000,900,1800,2700,4500,9000,13500,7 10 14 22 27 34 40 47 55,9 17 21 28 34 40 46 53 57,15,10,13,13,13,18,15,8,8,8,1.51,2.52,3.33,5.76,4.37,4.9,7.5,6.73,5.82,10,58.27,11 18 25 31 37 44 51 57,,,,,,,,,,,,,,,,
2026-10-10 08:42,99eace70+dirty,300,1,191418,77500,7877,18796,33167,46006,71147,100956,122855,157708,191418,39246,60660,65417,16378,5818,80,215,160,2500,1500,2500,3750,4800,5000,500,1000,2000,4000,6000,10000,14000,900,1800,2700,4500,9000,13500,9 12 16 22 27 34 37 44 54,11 19 23 28 34 40 43 50 56,15,10,13,13,13,18,15,8,8,8,1.15,2.48,3.19,2.93,2.73,3.24,3.1,3.46,3.43,5,59.51,13 20 27 30 37 44 48 55,8,4 7,68.75,11.04,16.87,23.29,26.42,33.73,40.43,44.65,51.4,2,2,3,,
2026-10-10 09:17,99eace70+dirty,300,1,194239,78800,8019,19040,33508,46445,72093,102428,124508,159980,194239,39918,61779,66249,16526,5867,80,215,160,2500,1500,2500,3750,4800,5000,500,1000,2000,4000,6000,10000,14000,900,1800,2700,4500,9000,13500,9 12 16 22 27 34 37 44 54,11 19 23 28 34 40 43 50 56,15,10,13,13,13,18,15,8,8,8,1.15,2.48,3.19,2.93,2.73,3.24,3.1,3.46,3.43,5,59.51,13 20 27 30 37 44 48 55,8,4 7,68.75,11.04,16.87,23.29,26.42,33.73,40.43,44.65,51.4,2,2,3,,
2026-10-10 09:41,99eace70+dirty,300,1,194239,78800,8019,19040,33508,46445,72093,102428,124508,159980,194239,39918,61779,66249,16526,5867,80,215,160,2500,1500,2500,3750,4800,5000,500,1000,2000,4000,6000,10000,14000,900,1800,2700,4500,9000,13500,9 12 16 22 27 34 37 44 54,11 19 23 28 34 40 43 50 56,15,10,13,13,13,18,15,8,8,8,1.13,2.48,3.18,2.93,2.73,3.24,3.1,3.46,3.43,5,59.52,13 20 27 30 37 44 48 55,8,4 7,68.75,11.62,17.03,23.35,26.47,33.75,40.45,44.66,51.41,2,2,3,,
2026-10-10 10:13,99eace70+dirty,300,1,194415,78800,8019,19037,33545,46488,72297,103137,125232,160162,194415,39711,61827,66249,16802,5925,80,215,160,2500,1500,2500,3750,4800,5000,500,1000,2000,4000,6000,10000,14000,900,1800,2700,4500,9000,13500,9 12 16 22 27 34 37 44 54,11 19 23 28 34 40 43 50 56,15,10,13,13,13,18,15,8,8,8,1.13,2.48,3.12,2.92,2.69,3.19,3.07,3.49,3.45,6,59.53,13 20 27 30 37 44 48 55,8,4 7,68.75,11.62,16.95,23.34,26.45,33.91,40.57,44.77,51.42,2,2,3,4,5
